	42572
A91G	279
A72G	156
A91T	155
A79T	113
A76G	112
A86G	97
A68G	73
A105G	71
A79G	68
T67G	67
A72G,A91G	46
A61T	44
A72G,A76G	43
A91C	42
T90G	41
A79C	35
A86G,A91G	31
T60G	31
A61G	31
A76G,A91G	29
A68C	28
A68G,A79G	28
A68G,A72G	28
A79T,A91G	24
A72G,A79T	22
A72G,A86G	21
A79G,A91G	21
A76G,A91T	21
A91G,A105G	21
A72G,A79G	20
A72G,A79T,A91G	19
T67G,A91G	17
A76G,A79T	17
A68C,A72G	17
A111G	17
A68G,A91G	16
A86G,A91T	16
A72G,A91T	15
A79G,A86G	15
A79T,A91T	15
A72G,A79T,A91T	15
A61G,A91G	15
A68G,A79T	14
A72G,A79G,A91G	14
A79C,A91G	13
A72G,A76G,A91G	13
A79C,A86G	13
A91T,A105G	13
A61C	13
T64G	13
A79T,A86G	12
A76T	12
A72G,A79C	12
A61T,A72G	12
A68T	11
A76G,A86G	11
T82G	10
-6T	10
A61T,A91T	10
A76G,A79G	10
A61G,A72G	10
A72G,A76G,A79G	10
A79G,A86G,A91G	9
A72T	9
A61T,A91G	9
A68G,A76G	9
A72G,A86G,A91G	9
C3-,T4-	9
A79G,A91T	9
A72G,A79G,A86G	8
-90G,A91-	8
A72G,A76G,A86G	8
T67G,A79G	8
-8G	8
T8-	7
A61G,A91C	7
G6-	7
T4-	7
A72G,A76G,A91T	7
T67G,A76G	7
A61G,A68G	6
A91G,A105T	6
A76G,A79G,A91G	6
A61G,A91T	6
T60G,A79G	6
A72G,A79T,A86G	6
A72G,A105G	6
T60G,A72G	6
A61T,T67G	6
A68G,A91T	6
A137-	6
A61G,A79T	6
T64A	6
A76G,A79C	6
A105T	6
A61T,A68G,A72G	6
T67G,A72G	6
A68G,A86G	6
A68G,A79G,A91G	6
A61T,A79T	6
A68G,A76G,A91G	6
-60G,A61-	6
A68G,A91C	5
C81T	5
A68G,A72G,A91T	5
A91T,A111G	5
A61G,A72G,A79T	5
A68G,A72G,A76G	5
T67G,A86G	5
-10A	5
A68C,A79G	5
A61G,T67G	5
A86T,A91G	5
A68G,A79T,A86G	5
T60G,A76G	5
A79C,A91T	5
A72G,A76G,A79T	5
T65G,A79T	5
A79T,A105G	5
T64G,A72G	5
A61T,A79G	5
A91G,A111G	5
A61G,A68G,A79G	5
A68G,A72G,A91G	5
A61T,A72G,A76G	5
A76G,A86G,A91G	5
A9-	5
A79T,A86G,A91G	5
A72G,A91C	5
C11-	5
A61T,A76G	5
G75T	5
A86G,A111G	4
G6A	4
G100T	4
A76T,A91T	4
A68T,A72G,A91G	4
T71G	4
A79G,T90G	4
A61G,A86G	4
A86T	4
T64G,A91G	4
A68G,A72G,A86G	4
A61T,A68G	4
T96G	4
T67G,A91T	4
A79G,A91C	4
A68C,A91G	4
A76G,A79T,A91T	4
T65G	4
A68G,A72G,A79G	4
A61G,A76G	4
A61G,A68G,A91G	4
T67G,A105G	4
A61T,A72G,A79T	4
T90G,A91G	4
T64G,A79G	4
A61C,A91G	4
G6T	4
T67G,A68C	4
A72G,A76G,A86G,A91T	4
T60G,T67G	4
A61G,A79G	4
A79T,A86G,A91T	4
T80C	4
A61G,T67G,A91T	4
T82G,A91G	4
A72G,A76G,A79C	4
A61G,A72G,A91T	4
T60G,A68G	4
T60G,A91G	4
G7T	4
A61G,T67G,A72G	4
T95G	4
A72G,T90G	4
A76G,A105G	4
G124T	4
A76G,A79T,A91G	4
A72G,A79T,A86G,A91G	4
T82C	4
A61T,A76G,A91G	3
T67G,A91G,A105G	3
C116A	3
A68G,A76G,A86G	3
A61G,T67G,A79T	3
A61C,A79C	3
A61C,T67G,A79T,A86G	3
C107G	3
T98G	3
A72G,A86G,A91T	3
A72G,A76G,A79G,A86G	3
A68T,A72G	3
A76T,A79T	3
T67G,A76G,A91G	3
T67G,T90G	3
C63G	3
G132T	3
T67G,A79T	3
A79C,A86G,A91T	3
A86G,A91G,A105G	3
A72G,A76G,A79G,A91G	3
A68T,A91T	3
A76G,T82G	3
A86G,T90G	3
T60G,A72G,A76G	3
A76G,A91C	3
A68G,A72G,A76G,A91G	3
-14A	3
A72G,A79G,A91T	3
A68G,A79T,A91G	3
T59G,A72G	3
A61C,A79G	3
T95C	3
A79G,-90G,A91-	3
C56A	3
T64C	3
T67G,A91C	3
A76G,T90G	3
A61T,A72G,A91T	3
A76T,A91G	3
A61C,T67G	3
T90C	3
T60G,A72G,A91T	3
T67G,A79C	3
A79T,A91T,A105G	3
A68G,A72G,A79T	3
A91G,A111T	3
A61G,A72G,A91G	3
A61C,A68T	3
-11G	3
A72C	3
A61G,A76G,A79T	3
A72T,A91G	3
T60G,A79G,A91G	3
A76G,A79G,A86G,A91G	3
A79T,A86T,A91G	3
A61T,A86G	3
A61C,A72G	3
A61T,A79C	3
A91G,T98G	3
A72G,A111G	3
A61C,A79T	3
G46T	3
C133A	3
C3-	3
A61C,A76G	3
A61T,A68G,A86G	3
T92G	3
T60C	3
T134A	3
C57T	3
G112T	3
C33A	3
A72G,T82G	2
T60G,T65G,A68C,A79T	2
A61T,A79T,A91T	2
G54T	2
A68G,A76G,A79G	2
A76G,A86G,A91C	2
A61T,A79G,A91G	2
G73T	2
A68G,A79G,-90G,A91-	2
A61T,A68G,A76G	2
A61G,A68G,A72G	2
A61G,A68G,A105G	2
A61T,A68C,A72G,A91T	2
G100A	2
A76T,A79T,A86G,A91G	2
T90G,T113G	2
A61G,A105G	2
T71G,A86G	2
T80G,A91T	2
C56G	2
T60G,T90G	2
A68G,A86G,A91T	2
A61T,A72G,A76G,A79T,A91T	2
T67G,A86G,A91T	2
A68G,A72G,A79C,A91G	2
A68C,A72G,A76G	2
A61C,A72G,A91G	2
G7A	2
A72G,A91G,A111G	2
A61T,A68T	2
C23A	2
A68C,A72G,A79T,A91G	2
T62G,A68G,A91T	2
T67G,A72T	2
A68G,A76T	2
A72T,A76G	2
T67G,A68C,A91G	2
A68T,A86T	2
C102T	2
A79G,A86G,T90G	2
A72G,A76G,A111G	2
T64G,A79C	2
G70T	2
T90G,A91C	2
A79C,T80G	2
A61C,A68C	2
A68T,A76G,A91G	2
A76G,A91G,A111G	2
A61G,A76T,A91G	2
T67G,A76G,A79G	2
A61C,A72G,A76G	2
T113G	2
T67G,A76G,A79T,A91G	2
-60G,A61-,T67G,A91G	2
A61G,A76G,A79C,A91T	2
A61G,A72G,A79T,A91T	2
T67G,G73C,A91G	2
T67G,A68C,A76G,A91G	2
C102A	2
A68C,A72G,A79T	2
A72G,A76G,A79T,A86G	2
C120A	2
A86G,A105G	2
T67G,A72G,A79G,A91G	2
A68T,A72G,A76G	2
A68C,A72G,A76G,A86G	2
T64G,A79T,A91G	2
T67G,A76G,A105G	2
A79T,A86G,A91C	2
A61G,A79G,A86G,T90G,A105G	2
A61G,A68C,A72G,A76G	2
A61T,A68G,A72G,A86G,A91T	2
A68T,A76G,A79T,A91G	2
T59G	2
A61T,A72G,A79C	2
A76G,G97C	2
A72G,A79T,A86G,A91T,A105G	2
A72G,A76G,A79C,A86G,A91G	2
C107A	2
A76G,A79C,A91T	2
G93T	2
A68G,A76T,A79T,A91T	2
T67G,A72G,A86G	2
C101T	2
C101G	2
G10T	2
A61T,A79T,A86G	2
A61G,A68G,A72G,A86G	2
T67G,A68C,A72G,A91G	2
T74C	2
A61C,A72G,A79G	2
-4C	2
A61G,A76G,A79C	2
A61G,A72G,A79G	2
A61G,A79T,A86G	2
A72G,A79C,A91T	2
T60G,A79C	2
A79G,T80G	2
G28T	2
A61G,A68T,A72G	2
A68G,A72G,A79T,A91T	2
A61G,T67G,A76G	2
T65G,A79C	2
A61T,A68G,A72G,A76G,A79G	2
T64G,C81T	2
A68G,A72G,A105G	2
A72G,A79T,A91C	2
A72G,A76G,A105G	2
A72G,A91G,A105G	2
T60G,A68G,A86G,T95G	2
G77T	2
A72G,A76G,A91G,A105G	2
A61T,A68G,A79T,A91G	2
A68C,A72G,A91T	2
-13C	2
C24A	2
A76G,A79C,A91G	2
A61G,A72G,A76G	2
A61G,T64G,A72G	2
A61T,A68C	2
T67C	2
C11A	2
T60G,T64G,A68T	2
A61G,A76G,A91C	2
-80G,C81-,A91G	2
A79T,T90G	2
A61T,A86T,A91T	2
A68G,A72G,A79C	2
A61T,A68G,A86G,A91G	2
T134C	2
A61G,A68C,A79T,A91G	2
A61T,A76T,A91G	2
A61T,A76G,A105T	2
A72G,A86G,A91G,A105G	2
T136-,A137-	2
T67G,A72G,A79T	2
A72G,A76T,A91G	2
A76T,A79G	2
G10A	2
A61T,A68T,A72G,A79T,A91G	2
T113C	2
T65G,A68G	2
A79T,A91C	2
T67G,A72G,A76G,A91G	2
A76G,A79G,A91C	2
A61C,A68C,A76G	2
A61T,A72G,A79T,A91T	2
C63G,A91G	2
A72G,A76T,A91T	2
A61G,A76G,A79G	2
G97A	2
A86G,A91T,A105G	2
T67G,A72G,A76G	2
T60G,A79T,A86G	2
T60G,A105G	2
A68C,A72G,A76G,A91T	2
A72T,A76G,A91G	2
A61G,A79T,A91T	2
-60G,A61-,A72G,A91C,T98G	2
A68G,A79C	2
A76T,A86G,A91G	2
G32C	2
A76G,A79T,A86G,A91T	2
T80G	2
T60G,A72G,A79C	2
A91C,A111G	2
A61G,C66G,A79T,A91G	2
A68C,A72G,A79G,A91T	2
A61T,A68G,A72G,A76G,A79T,A86G,A91T	2
T58G,A91G	2
T67G,A79T,A91G	2
A61C,A68G,A72G	2
A105T,A111G	2
A86G,C101G	2
A61G,A68C,A86G,A91G	2
T5C	2
A61T,A72G,A86G	2
A76G,A79G,A86G	2
A61C,A68G	2
T60G,A91T	2
A79T,A91G,A105G	2
T64G,A76G	2
A68T,A72G,A76G,A79T,A86G	2
A72G,A79T,A105G	2
G55A	2
A72G,A79T,A91G,A105G	2
A61T,A72G,A79T,A91G	2
A68G,A79T,A105G	2
A76T,A86G	2
T58G	2
A72G,A79T,A86G,A91G,T92G	2
A72G,A76G,A86G,A91G	2
A79G,A86G,A91T	2
A72G,A79G,A86G,A91G	2
A76G,A79T,A86G	2
A68G,A72G,A79T,A91G	2
A61T,T67G,A76G	2
A76G,A111G	2
T60G,A76G,A79T	2
A61C,A79G,A91G	2
A61T,A72G,A76G,A91G	2
A72T,A79T,A91G	2
A61T,A68C,A76G	2
A61C,A68G,A79T,A91G	2
T60G,A72G,A79T,A91G	2
A91T,G94T	2
T67G,A79G,A91T	2
A61G,A76G,-90C,A91-	2
T58G,A61G	2
A76G,T80C	2
A68C,T74G	2
A79G,A105G	2
C99A	2
A61C,A76G,A91T	2
A61G,T67G,A91G	2
T122A	2
C99G	2
A68G,A79G,A86G	2
A61G,A68T	2
A61G,A79G,A91G	2
G7C	2
T60G,A61C,A91G	2
T126A	2
T22A	2
C117G	2
A61G,A72G,A76G,A79T	1
A61T,A68T,A72G,A79C,A91G	1
-60G,A61-,A79T,A86T,A91T	1
A72G,A76T,A86G,A91G	1
T58C,T64G	1
A61G,A72G,A76G,A91G	1
A76G,T96G	1
A72T,A79T	1
A61G,A68T,A72G,A79G,A86G,A111G	1
T67G,A76G,A86G	1
A61T,A68G,A86G,A91T	1
A61G,A72G,A86G,-90G,A91-	1
A61G,T71C,A79C	1
C130A	1
T60G,T67G,T98G	1
A68C,A79G,A91G,G94A	1
A68C,A76G,A79C,A86G	1
A76G,A105G,A111G	1
T65G,T67G	1
A61T,A68C,A79T,A91T	1
A68T,A72G,A76T,A79T,A86G	1
A61G,A68G,A76G,A91C	1
T62C,A76G,A91G	1
-71C,A72-,A91G	1
A68G,A72G,A76G,A79C	1
T60G,-67G,A68-,A72G,A76G,A79G	1
A76T,A79G,A86G,A91G	1
T60C,A61C,A79C,A91G	1
T58C,T59G,A76G,A79G,A86G	1
A61G,A79T,A86G,A91C	1
T67G,A76G,A79C,A91G	1
A61G,A68C,T84A	1
A61T,T67G,A72G,A79T	1
A72C,A79T	1
A61C,T64G,A72G,A91T	1
C57T,A68G	1
T60G,A79G,A86G	1
-60G,A61-,T67G,-90G,A91-	1
A61G,A72G,A76G,A79G	1
G104T	1
A68C,A76G,A91G	1
A61G,A68C,T71C,A72G,A79G	1
A79T,A86G,C101G	1
A61T,A72T	1
A68G,A76G,A86G,G89A	1
A72G,T98A	1
A68T,A79T,A91T	1
A61C,A68G,A72G,A79T,A86G,A91T	1
T60G,A76G,A79G,A91G	1
T67G,A72G,A79G,A86G	1
A61G,-63T,A79T	1
A72G,A76G,A79T,A91G	1
A68G,A79T,A91C	1
A61T,A68G,A72G,A76T,A79G,A91G	1
T60G,A68C,A72G,A79C	1
A61T,A72G,A86G,A91C	1
A68T,A91C	1
T60G,A72G,T95G	1
A61T,A68G,A72G,A91T	1
A68C,A79C,T90G	1
A61T,A68C,A79C,A86T	1
A61T,A68G,A91T,A105G	1
A79C,A105G	1
T64G,A68C,G78C	1
A79T,A91T,A105T	1
A61T,A68G,A76G,A79T,A91G	1
T67G,A68G,A72G,G89C,A91C	1
A68C,A72G,A76T,A79T,A86G	1
A61G,T67G,T95G	1
T74A,T80A	1
A72G,A76G,T80G,T90G	1
T67G,A68G,A72G,A76G,A86G,A91T	1
T5A,A72G,G93A	1
A61T,T64C	1
A61T,A68C,A79T,A91G	1
A61G,A76T,A79T,A86G,A91G	1
T60G,A79T	1
A91C,T95G	1
-67G,A68-,A76G	1
A76G,T80G,A91G	1
A61G,A68G,A72G,A79T	1
T67G,A76T,A91T	1
A68G,T90G,-97T	1
A72G,A76G,A91T,T113G	1
A61G,A68T,A76G,A79C	1
T82A,A86G	1
A61G,A79G,A86G	1
T67G,A72G,A79T,A86G	1
A61G,A68G,-80G,A86G,A105G	1
A61G,A79G,A91T	1
C133T	1
T60C,A91G	1
A68G,A72G,A86G,A91G,A105G	1
T67G,T80G,A86G,A91G	1
A61G,T90G,A91G	1
T110G	1
A61G,A68C,A86G,T95G	1
T60G,A86G	1
T64G,A72G,A76G,A91G	1
T64G,A79G,T84G,A105G	1
A61G,A68G,A72G,A79T,A86G,A91T	1
A72G,T95G	1
T58G,T59G,A76G,A79T	1
C57G,T67G,A91G	1
A61T,A68C,A72G,A76G,A79T,A86G,A91T	1
A61T,A68C,A72G,A79T,A91T	1
A61G,A72G,A79C,A86G,T98G	1
A68C,A79G,A91T	1
A61G,T67G,A68C	1
A61C,A68G,A86G	1
T64G,A76G,T84C,A91C	1
A61T,A72G,A79G,A91C	1
A68G,A91T,A105T,A111T	1
A137G	1
A61T,A68G,A72G,A76G,A86G	1
A61G,A68C,A76G,A79G	1
A61C,A76T	1
T64G,A79G,A91G	1
A68C,T90G,A91C	1
A61G,A72T,A76G,A86G,A91C,A105G	1
A61T,A68T,A72G	1
A61T,A72T,A76G,A79T,A91T	1
T59C,T67G,A79T,A86G,A91T	1
T67G,A76G,T80C,A91T	1
A76G,G97T	1
A61G,A72G,A86G,T90G	1
A68G,T82G,A91T	1
A76T,A79T,A91T	1
-59G,A61-,A72G,A79G,A91G	1
A61C,A72G,A79T	1
A79C,T95G	1
A76-,A79G	1
A76G,C83G	1
T59G,A68G,A72G,A76G,A79G	1
A91T,A105G,A111G	1
C83A,A91T	1
A61T,A72G,A76G,A86G	1
T60G,A72G,C83T	1
A68G,A72T	1
A72C,A76G,A79T,A111G	1
A61C,-67G,A68-,A76G,A79G,A86G,A91G	1
C56G,A61G,T67G,A79T	1
A76G,T82C,A91G	1
T71G,A76G	1
A61G,A79T,A86G,A91C,A105G	1
A72G,A105G,A111G	1
A61C,A105G	1
T64G,A76G,A79G,A86G	1
C57T,A61T	1
A72G,A76T,A79T,A86G	1
A61T,A86G,A91G	1
A68C,A79T,A111G	1
G115T	1
T60G,A61C,T65C,A68G,A76G,A79G,A91T	1
A91G,T92G	1
A68T,A72G,A79G,A91G	1
A61C,T67G,A76G,A79T	1
-79G,T80-,A105G	1
A79T,T103G	1
A91C,A105G	1
A68C,A76G,A79G,A86G	1
-60G,A61-,A72G	1
C88A	1
A79-,-81G	1
A61T,T64-,T67C,-69T,A79G	1
A61T,T64G,A68C,A91C	1
T60G,A76T	1
T65G,A79T,A91G	1
A68C,A72G,A76T,A79T	1
A68C,A76T,A86G,A91G	1
T59G,T60G,T67G,A72G,A79G,A86T	1
A72G,A86T,A91G,T92G	1
-59G,A61-,A72G,A79G	1
A79T,C83G,A91G	1
A61T,A72G,A91G,A111G	1
A68G,A79G,T84G	1
A61G,A79G,T90G	1
T67G,A76G,A79G,-90C,A91-	1
C57T,T67G,A91G	1
T67G,A79G,T90G	1
T14A	1
-67G,A68-	1
A61T,A72T,A86G	1
A76G,A79T,A86C	1
A61T,A68C,A76G,A91T,A105G	1
T65G,A68G,T80C	1
A68G,A79C,A86G,A91T	1
A72T,A76G,A91T	1
C57G,A61G,A68C,A79C	1
A68G,A79C,A86G	1
T60G,A76G,A91C	1
A61C,A68C,A76G,A79T	1
A68-,-71G,A79C	1
A61G,A72G,A86T,A91G	1
A68T,A76G,A79T	1
A72G,A76G,A79T,A86G,A91C	1
A61G,A76T,A86G,A91T	1
T67G,A72G,A76G,A79C	1
-71G,A72-	1
G109T	1
A79G,A91G,A105G	1
G87T	1
T62G	1
T65G,A72G,A76G	1
A61C,A86G	1
A68G,A72G,A76T,A86G,A91T	1
A61T,T67C,A68C,C83G	1
A76G,A137-	1
C36A	1
A61G,-63T	1
G10-	1
A72G,A79G,G97T	1
A72G,A86G,A91G,T98G	1
A61T,T67G,T90G	1
T67C,A79G	1
A72G,A79T,A86T,A91T	1
A61G,T67G,A68C,A76G,A91G	1
T64G,A86G,A91T	1
A61G,A68T,A72G,A79T,A86G,A91T	1
G6-,G7-	1
A79G,A91T,A105G	1
A61T,A68C,A72G,A76G,A91G	1
T60G,T95G	1
A68C,A72G,A76G,A79T,A86T	1
A61G,A68G,A72G,A79T,A86G,A91G	1
A61G,A76T,T90G	1
-61C,T62-,A86G	1
A61T,A76G,A105G	1
G78T,A79C,A91G	1
A61G,A76T	1
A72T,A79C,A111G	1
A61G,A76G,A86G,A91G	1
A61C,A79T,A91G	1
A61G,A76G,A79G,A91T	1
G6T,T90G	1
A76G,A79G,T80G	1
A72C,A79G,A91G,A105G	1
T67G,A68C,C101G	1
G97T	1
A86G,T92G	1
G106T	1
T8-,A76G,A79G,A86T,A91G	1
T65G,A79G	1
A86G,A91G,T92G	1
A72G,A76G,A91T,T98G	1
A61C,T90C	1
T53G,A72G,A79G	1
G26T	1
T62C,A68C,A91G,A105G,A111G	1
A61G,A68C,A72G,-75C,A76-,A79C	1
T64C,A76G	1
A61C,A91C	1
A72G,A76G,A79T,A105G	1
A61T,A68G,A72G,A79G,A86G,A91G	1
A72G,A76T,A79T,A86G,A91G	1
A72G,A76T	1
A61G,T67G,A79T,A91C	1
T62G,A68G,A72G	1
A68G,A137-	1
A61G,A79G,A91G,A105G	1
T67G,A68C,A72G,A76G	1
A68C,C83T	1
A68C,A76G	1
A76C,A91T	1
A68G,T71G,A86G,T108A	1
G89C	1
A68C,A76G,T80G,T82-,-85T,A91G	1
A79T,C81A	1
-67G,A68-,A72G,A91G	1
A68T,A86G,A91G	1
A61G,A72T,A79C,A91G	1
T58-,-63T,A68G	1
A61G,A79G,A105G	1
T67G,A91G,T113C	1
T90G,A91C,A105T,A111G	1
T64G,T71G,A72G,A79G,T90G	1
A68C,A72G,A79G,A86G	1
A61T,A86G,A91T	1
A76G,C81G	1
T59G,T60G,A61C,A72G,A91G	1
A68G,A72T,A91T	1
T95G,A105G	1
T67G,A86G,A91G	1
A86G,A91T,A111G	1
A61G,A79C,A91T	1
A61T,A76T	1
T67G,A79C,A86G	1
A72G,C83G	1
A68G,A79T,A86G,T90G	1
A61C,A79T,C83T,A91T	1
A72G,A79T,A86G,A91C,G97T,A111G	1
A79T,A86G,T90G	1
A68C,A79G,A86G	1
T67G,A76G,A91T	1
G28A	1
A72G,A86G,A105G,A111G	1
A79C,A86T,A91G	1
A61T,A79T,A86G,A91T	1
A61T,A72G,A76G,A79C,A91T	1
A72G,T95A	1
A61C,A72G,A79G,A86G	1
T67G,A79G,A86G	1
A91G,C102T	1
A72G,A79G,A86G,A91T	1
A61-,-64C,A68C	1
A61T,A68C,A72G,A76G,A79C	1
A61T,A76T,A79T,A86T,A91T	1
T62C,T67G	1
A61G,A79T,T82G,A91C	1
T60G,A68G,A72G,A76G	1
A68T,A72G,A76G,A79G,A91G	1
G100C	1
A61T,A76T,A79T	1
A61T,A68G,A79G	1
A76G,G89T,A91C	1
G55T,A61G,A72G,A79T,A91G	1
T67G,A79T,A91G,A105G	1
T60G,A79C,A91G	1
A68G,A72G,A79T,A86G	1
A68C,T82G,A91G	1
T108G	1
A79T,A86G,G97T	1
A61T,A68G,A76G,A79T,A91T	1
A61T,A68G,A76G,A91G	1
T60G,A72C,A86G	1
A76G,A86T	1
A61G,T67G,A68G,A76G,A79G,A86G,A91G	1
T67G,T82G	1
A61T,A68C,A76C,A79C,A91T	1
C116T	1
C56G,A79C	1
A68G,A105G	1
T60G,A68G,A72G,A76G,A86G,A91T	1
T67G,A72G,A79T,A86G,A91C	1
A61T,A68T,A79C	1
A91T,A111T	1
T58G,A79T,A91G	1
A79T,C83T,A86G	1
T67G,A76G,A79T	1
A61C,A86G,A91T,A105T	1
A61C,A76G,A79T,A86G,A91G	1
A76T,A91G,A105G	1
A61G,T62G,A91T	1
T60G,A79T,A91G	1
A61T,A68T,A72T,A79C,A91T	1
A76G,A91G,A105G	1
T67G,A79T,A86G,A91T	1
A68G,A79T,A86G,A91G	1
A79C,A86G,A91G	1
A68C,A76G,A79T	1
A61T,-62C,A72G	1
A68G,T82G	1
A61T,A72G,A76G,A79C,A91G	1
A72G,A86G,-90G,A91-	1
A61G,A68G,A76G,A91G	1
T59G,A61C,A68G,A105G	1
A61T,A76G,A79T,A91C	1
A61T,T67G,A72-,-75T,A79G	1
A72T,A79T,A86G	1
A61G,A79C	1
A61T,A68T,A72G,A76G,A79T,A86G,A91T	1
C56G,A61G,A91G	1
T60G,A68G,A76G	1
A68G,A72G,T103G	1
A68G,A72G,A76G,A79T,A86G,A91C,A105T	1
A61G,A72G,A76T,A105G	1
A68T,A79G,T80G,A86G,A91G	1
A61T,A79T,A86G,A91G	1
-10G,-10C,A137-	1
-60G,A61-,A79G,A91G	1
A68T,A76G,G89T	1
A61C,A72G,A79T,A105G	1
A72G,T80C,A91G	1
A61T,A72G,A79C,A91G	1
A79T,A86T,A91T	1
A61T,A68G,A72G,A79T,A91G	1
A61G,T67G,A79G	1
A76G,C81T	1
C56G,A61G,A68T,A86G,A111G	1
A61T,A76T,A79G,A86G	1
T60G,A68G,A86G	1
A61C,T67G,A68G,A76G,A79T	1
A61G,A72G,A76G,A79G,A91G	1
A68C,A72G,T95G	1
A61C,A68G,A72G,A79T,A91T	1
A61T,A72G,T84G	1
A68C,A79T	1
C107T	1
A105G,-110G,A111-	1
A68G,A72G,A79C,A86G	1
A72G,A86G,A91C	1
A68G,A72G,A79G,A91G	1
A61T,A72C,A91G	1
A68T,A76G	1
T71G,A79C	1
A61G,-63T,A76T,A91T	1
A61G,A86G,G100T	1
A61T,A68T,A79G	1
T92C	1
A72G,A91G,T92G	1
T67G,T90G,A91G	1
A61G,T67G,A68C,T95C	1
A61T,A68G,A76T,A79T,A91T	1
A61T,T65G,A72G	1
A86G,T95G	1
A72G,T80G,A91G	1
A68G,A79G,A91T	1
A68G,A72G,A76G,A91G,A111G	1
A91T,T95G,A105G	1
A61T,A79T,A86G,A91G,G132A	1
G127T	1
A61C,A91G,T98G	1
T58C,A76T	1
T82G,A105T	1
G55C,A72G,A91G	1
A61-,-63G,-63G,A76G,A91G	1
T60G,T67G,A72T	1
A61G,A68G,A86T,A91G	1
C56G,A79C,A91G	1
T60A,A76T	1
T60G,T74G,A76G,A79G	1
A61T,A68C,A79G,A86G,A91T	1
A72G,A86G,T110G	1
T67G,A72G,A91G,G100C	1
T67G,A68G,A72G	1
A72G,A105T,A111G	1
T67G,A76G,A79T,T103-,-106A	1
-60G,A61-,A79T	1
A61T,A68C,A72G,A79G,A86G	1
A61C,T67G,A91T	1
T67G,A68C,A72G,A79T,A91T	1
A61T,T65G,A72G,A79G,A86G	1
A61T,A79C,A91T,A111G	1
A72G,A76G,A86G,A105G	1
A61T,C69A	1
A68G,T90G	1
A61C,T82G	1
A61G,A68G,A76G	1
T67G,A72G,A79G,T80G,A91C	1
A61G,A68C,A79T	1
T60G,A76G,A79G	1
A68G,A72G,A79C,A91C	1
A61T,A79T,A91C,T95G	1
A79T,A86G,A91G,A105G,A111G	1
A61T,A76G,A79C	1
A72G,A79T,A91T,A105G	1
A79G,A91T,A111G	1
A72G,T90G,A91C,C101G	1
C81A	1
A61G,T67G,A76G,A86G,A91G	1
T67G,A79G,A86G,A91G	1
A61T,T67G,A68C	1
A68G,A72G,G77T,A86G	1
A76G,A86G,T103G	1
A61G,A68G,A72G,A76G,A79T	1
A68G,A76G,A79G,A91G	1
A91G,G97C	1
-7G,-7T,A76G,A91G,A137-	1
A61G,A86G,A91C,A105G	1
A61T,A76T,A91G,G97T	1
-60G,A61-,T65G	1
A76G,A79G,-80G	1
A68G,A72G,T90C,A91G,A105G	1
A76G,T82C,A91C	1
A86G,A91C,A111G	1
T60G,T67G,T90G	1
T84G,A91T	1
A76T,A91T,A105G	1
G78T,A79T	1
A61T,A91T,A105C	1
T64G,A86G	1
T60G,T67G,A72G,A79T	1
A68G,A72G,A76G,A86T,A91C	1
A68G,A72G,A76G,A86G,A91G	1
T60G,A86G,A91G	1
A61T,T64G,A72C,A91T	1
-60G,A61-,A72G,A79T,A86G	1
G100T,C107G	1
T60G,T64G,A79T	1
T71C	1
A61T,A79G,A86G,A105G	1
A76T,T90G,A91C	1
A72G,A79G,A111G	1
A68C,A76G,A86G,A91G	1
A68C,A72G,A76G,A79G,C83T,A91G	1
T60G,T67G,A76G,A91T	1
A68C,A76G,A79G,T90G	1
A61T,A72G,A79T,A91G,A105G	1
A61T,A68G,A72G,A76G	1
A61G,A79T,A86G,A91G,A105G	1
T64G,A72G,A76T	1
C81G,C101G	1
A68G,A72-,-74C,A79C	1
A72G,A76G,-79G,T80-,A91G	1
A61T,A72G,A76G,A79G,A86G	1
A61T,A79T,A86T,A91T	1
A61C,A68G,A91G,A105G	1
T64G,A72G,A76G,A79G,A86G,T90G	1
T71C,T90G	1
A61T,T67G,A79G	1
A76G,T82G,A91G	1
T64G,A68G,A86G	1
A72T,A76G,A86G,A91G	1
A61C,T67G,A72G,A76G,A79T	1
A72G,A79T,A86G,A111G	1
C88-,-91T	1
T64G,A79C,-90G,A91-	1
A61C,A76G,T90G,A91C	1
G78T	1
A86G,T96C,A105G	1
A79T,A91G,A105G,A111G	1
A61T,A76G,A79T	1
A72G,A76G,A91G,A111G	1
T67G,A72T,A91G	1
A79C,A91G,A105T	1
A72G,A76C,A79G,G109C	1
A61T,A72G,A79C,A91T	1
A61T,A72G,T96C	1
A72G,T95G,C101G	1
A61T,A72T,A76T,A86T,A91T,A105G	1
A76G,A79C,A105G	1
T64G,A68G,A72G,A91G,A105G	1
G10A,A68C,A72G,A79T,A91G	1
T67G,C83A,A86G	1
T64G,A72G,A86G,A91T	1
A61G,A76T,A91T	1
A68G,A72G,A76G,A79T,A91G	1
A68C,A72T	1
A68G,A91C,A111G	1
A61C,A68C,A72G,A76G,A91G	1
A61G,A68T,A79T	1
A61T,A72G,A79T,C83G,A91G	1
A68G,A72G,A76T,A86G,A105G	1
A61C,A68C,A76T,A91T	1
A72G,A76C	1
T62C,A72G,A86G	1
T67G,A72G,A86G,T95G,-99T	1
A44T	1
T67G,A76G,A91G,A105G	1
A68T,A72T,A79T,A105G,A111G	1
A61C,A68T,A76T,A86G	1
A61C,A76G,A79G,A86G,T96G	1
A68C,A72G,A86G	1
A61G,A72T,A79C	1
T67G,A79G,A91G	1
T59C	1
C81T,C101G	1
T58G,A61C,A72T,A76G,A105T	1
T60G,A61C,A68G,A76G	1
A61G,A86G,A91G	1
A76T,A105G	1
T64G,A76G,A91T	1
A61T,T90G	1
A61T,A72G,T74G,A79G,A86G	1
A61G,A79G,A105T	1
A61C,A76G,T90G	1
A72G,A79T,T95G	1
T58G,A61C,T67G,A86G,A91T	1
A68G,A79G,A105G	1
A61G,A68C,A76G,A105G	1
T58G,A76G	1
C42G	1
A76G,A91T,A111G	1
A72G,T82G,T90G	1
A76T,A79T,A86G,A91T,A111G	1
A61G,T64G	1
A61C,A79G,T90G	1
A76G,A79T,-90G,A91-	1
A61G,A72-,-75T,A91G	1
T60A,A68G,A86G,A91G	1
A68G,G70C,A76G	1
A61T,A79T,A91C	1
T64G,A76G,A79C,A91G	1
A61G,A72G,A76G,A79T,A86G	1
A61T,A68G,A79T	1
T60G,A68C,A76G,A91G	1
A72G,A76G,A91C	1
T60G,A68C,A79T	1
A61G,T62G,A68G,A72G,A76G,A86G,A105G	1
A61C,A76G,A91C	1
T67G,A76T,T82G,A86G,A91G,A105G	1
A68G,T96G	1
A61T,A68C,A72G,A76G,A91T	1
A68T,A72G,A79T,A91T	1
A79G,A91G,T92G	1
A72T,A76T	1
A61T,A72T,A76G	1
T67G,A72G,T95G	1
A86G,A91C	1
A61T,A105G	1
A61T,A72T,A76G,C83T,A91G	1
T60G,A86G,T95C	1
T62G,A76T,A86G	1
A76G,A91T,A105G	1
A61T,A68G,A72G,A86G,A91G	1
T67G,A76G,A86G,T90G	1
-60G,A61-,A79G	1
T59G,A79G,A86G	1
C102G	1
A72G,A76T,A79C	1
T60G,A86G,A91G,A105G	1
A72G,A79G,C83T	1
A79T,A111G	1
A61T,C81T,A91T,A105G	1
A61C,A86T	1
A61G,A68G,A86G	1
A61G,A68G,A76G,A79T	1
C57G,A79G,A86G	1
T80G,A91G	1
A72G,A76G,A79G,T90G	1
A137T	1
A68T,A76G,A79G,A86G,A111G	1
A79G,T80G,A91G	1
A61T,A76G,A79G,A91T	1
T60G,T65A	1
A68G,A72G,A76G,A79G	1
A61T,A72G,A76G,C81G,A91G	1
A61T,A68T,A91G	1
A61T,A68T,A79T,C88T,A91T	1
A61C,A72G,A86G,A91C	1
A72T,A79C,A91T	1
A61T,-62C,A72G,-90G,A91-,A111G	1
A72G,A76G,A79G,A86G,T90C	1
C81G	1
T64G,A68G	1
A86C,A91T	1
-58G,A61-,A68C,A79G,A91G	1
A72T,-79C,T80-,A91T	1
A61G,-63T,A68G,A72G,A76G,A79T	1
A72G,A86G,A91G,A111G	1
A79T,A86G,A91G,A105G	1
A61G,T67G,A72G,A86G	1
-60G,A61-,T64G,A72G	1
A68T,A76G,A79G,A86T,A91T	1
T64G,A72G,A86G	1
A61T,A72G,A76G,A91T,A105G	1
T60G,T67G,A91T	1
T8-,A68G,A72T,A76T,A79C,A86G	1
A61T,A86G,A105G,T110G	1
A72G,A76T,C81T	1
A68G,A72G,-90G,A91-	1
G115A	1
C11-,A68G	1
A68T,A72T,A79T,A91T	1
-58G,A61-,A79T	1
T67G,A79G,A91C	1
T60G,A79G,T90G	1
A72G,A79G,A91G,A105G	1
A72G,A79T,A91G,T108A	1
A68G,A72G,T96G	1
T64G,A105G	1
T67G,A79G,A86G,A91T	1
A61C,T67C,T71C,A86G	1
A68C,A72G,A76T,A91G	1
T59G,T60G,A91G	1
A61T,A68G,A76T,A79C,A86G,A91G,A111G	1
A61-,-64C,A72G,A76T	1
A61G,A68G,A79G,T80G	1
T60G,A61C,T64C,A68G,A76G	1
G106C	1
-91G,T92-	1
G78C,A91G	1
A68G,A111G	1
T59G,A61C,A68G,A72G,A79T,A86G,T90G,A91G	1
T64G,A68T,A72G	1
A72G,A76G,A86G,T90G	1
A68G,A72G,A76G,A79C,T80G,A86G,A91G	1
A68G,A91G,T95G,-99T	1
A72G,T82G,A86G	1
A13-	1
T67G,A86G,A91C	1
A91T,T98G	1
A61G,A72G,A86G,A91G	1
A61G,T90G	1
A68T,A72G,A79T	1
T60G,-63T,T67G,A91G	1
A61G,A68C,A72G,A76-,A79T,-80C,A91T	1
A61C,T67G,A79G	1
A68T,A72G,A79C,A91G	1
T60G,A79C,A86G,A91G	1
T80G,G109T	1
A68G,-71G,A72-,A76G,A91G	1
A61T,A68T,A86G,A91T,A105G,A111G	1
A76T,A79G,A86G	1
A9-,A68G,A76G	1
C57A,A61G,T67G,A91C	1
A68G,A72G,A76G,A79G,A86G,A91T	1
C57G,A72G,A76C,A79G	1
A68G,A79G,A91G,T92G	1
A72T,A79G,T80C,T136-,A137-	1
G6C	1
A91G,A105G,T114G	1
A68G,A72G,A79G,A105G	1
C69T,A91T	1
A61G,T67G,A72G,G78T	1
A68T,A79G,A86G,A91G	1
T60G,T67G,A76G,A79C,A86G,T90G	1
A61T,A76G,A86G,A91T	1
A61G,A76G,A79G,A91G	1
A72G,A79G,T82G	1
T67C,A72G,A91G	1
T60G,A79G,T90G,A91G	1
A79G,T90G,A105G	1
T60G,A68G,A79T	1
T65G,A91G	1
C83G	1
A79C,A86G,A91T,A105G	1
-60G,A61-,T67G,A72G,A79T	1
A105G,A111G	1
A61T,A68C,A72G	1
A68C,A72G,A79C,T80G,A86G,A91G,A111G	1
A68T,A79T,A91G	1
A91T,T95G	1
T64G,A68G,A76G,A91T	1
A79T,A86G,T90G,A91G	1
A68C,A79C,A86G,A105G,A111G	1
A68G,A72T,A79G	1
A68G,C81T	1
T60G,T65G,T90G	1
A61C,A76G,A79G,A86G	1
A61G,T64G,A91G,T92G	1
-90G,A91-,A105G	1
A61G,A68G,A79T,A91T	1
A68G,A72C,A79T,A91T	1
A91C,A105T	1
T67G,A68C,T74G,A79C,A86G,A91G	1
A61T,A72-,-75T,A79G	1
A72G,A76-,-78T,A79T,A86T	1
A61T,T67G,A79T,A91G	1
A91T,C101G,A111G	1
A79T,T90G,A91C	1
T67G,C83T,A91G	1
A61T,A68C,A72G,A76G,A79G,A91T	1
A72G,A86G,T98G	1
A68C,A79T,A86G,A91C	1
T62G,T67G,A76G,A79T,A91G	1
A61T,A68G,A79T,T90G	1
A61G,T67G,A86G	1
A76G,A79T,A86T	1
A68T,A76G,A86G	1
A72G,A76T,A79T,A105G	1
-9T,A105G	1
A68C,A72G,A91G,A105G	1
T67G,A72G,A76T	1
A72G,A79T,A86G,A91T	1
A76T,A79G,A91G,A105G	1
A61C,A68G,A79C,T90C	1
A61T,A68T,A76T	1
A76G,A79T,G100C	1
T71G,A72G,A76G	1
A68C,A79C,A91C	1
A72C,A76G,A91G	1
A72G,A76G,T80G	1
C18A	1
A61G,A68T,A76G,A79G,A91T	1
C56G,A72G,A79T,A91T	1
A61T,A72T,A76T,A91T	1
A72-,-75T,A91G	1
T60G,A61C,A76G,A79G,A91G	1
A61T,A72G,T82G	1
A61G,A68G,A72G,A86G,A91T	1
T90C,A91C	1
A72G,-90G,A91-	1
A61T,A72G,A76G,A86G,A91G	1
A61T,A76G,A91C,A105G	1
G78A	1
A72T,A86T,C101G	1
A72G,A79C,A86G,A91G,A105T	1
T60G,T67G,A76G	1
C57G,A61T,A72G,T90G	1
T67G,A72G,A111G	1
T98C	1
T59G,A79G,A86G,G89-,-91G	1
A68G,T80C	1
T65G,A72G,A79T,A91G	1
A61T,T67G,A91G	1
T60G,A76G,A105G	1
A61G,A72G,A79G,A91C	1
A61G,T67C,A76G,A91G	1
A61T,A68G,A72G,A79C,A91G	1
A61T,A72G,A76G,A91G,T98G	1
T67G,A72G,A79C	1
T60G,A91C	1
A72G,T74G,A76T,A79T,A86G	1
A86G,C102T	1
A61C,A72G,T90G	1
A61C,A76G,A86G	1
T60G,A79G,A91-,T92G,T95G	1
C69G	1
A72-,-75T,A91T	1
T58G,A61G,A86G	1
A72-,-75T,A91T,A105T	1
C83T,A91G	1
C63T,T67G,A68C,A76G,A111G	1
G75A	1
T67G,A76G,T90G,A105G	1
A61G,A68G,A72T,A79G	1
C57G,A91G	1
A79T,C101G	1
T71G,A72G,A79G,G89-,A91G,-92C	1
A61G,A68C,A79G	1
T60G,C63T	1
A72G,A76T,A79G	1
T60G,A68T,A72-,-75T,A76G,A91T	1
A68T,A79G,T90G	1
A79C,T82G	1
T64G,A68G,A72G,A76G	1
A61T,A72G,A79T,C85T,A86T	1
A61T,A68G,A72G,A79G,T90G,A91G	1
A61C,A72G,A79T,A91G	1
A61T,A68T,A79T,T90G	1
A61G,T67G,A68C,A72G	1
A61G,A72G,A76G,A86G,A91G	1
A68T,A72G,A76G,A91G	1
C83T	1
A76C	1
A76T,A79C,A91T	1
G10T,T67G,A76G,A91T,A111G	1
A68C,A76G,T90G	1
A61G,T67G,A72C,A76G,A79T	1
A68G,T71G	1
A68T,A76G,A79C,T80G	1
A61C,A72G,A91T	1
A68G,A79T,A91T	1
A72G,A79T,A86G,T90G,A91C	1
A72G,A76G,A79T,A91T	1
A68C,G70T,A79T	1
A61C,A76G,-90G,A91-	1
T59G,T60G,A72G	1
T60G,T67G,A79G,A91G	1
A125T	1
A61-,-63G,-63G,A72G,A79C	1
A72T,A79T,A91C	1
A79C,A86G,T90G,A91C	1
A61T,A72G,A76G,A79T,A86G,A91T	1
A72G,A76G,A79G,T82G	1
A68G,A76G,A79T	1
A61C,A72G,A79T,C81G,A86G	1
T58G,A76G,A79G	1
A72G,A76G,A86G,T90G,A105G	1
A91T,G97T	1
T67G,A76G,A79C,A86G,A91G	1
T59C,T60G,T67G,A76G,A105G	1
A61T,A68G,A79T,A91T	1
A91G,T92C	1
A72G,C81G	1
T60G,A72G,A79G	1
-67G,A68-,A72G,A76G,A91T	1
A61T,A72G,A76T,A91G	1
T60G,A76G,A91G	1
A61T,T64G,A72G	1
A79C,T80G,A91G	1
T67G,T80C,T90G	1
T67G,A72G,A79C,A91T	1
A61T,A76T,A105G	1
A68C,A72G,A79C,A91C	1
T65G,A72G,C81T,T90G	1
A61G,A72G,G78C	1
T59G,A91G	1
C101G,C120A,G132T	1
T60G,A68T,A72G,A79G,A86G	1
A79T,C107G	1
T60G,A72G,A76G,A91T	1
T67G,A68C,A72G,A76G,A79T,A86G,A91G	1
T59C,A79C	1
C63A	1
C11-,A91C	1
A61T,T67G,A76G,A91C	1
T64G,A72G,A79T,C83T	1
A61G,A68G,A79G,A105T,A111G	1
A61T,A72G,T74G,A79T,A91G	1
T67G,A68C,A72G	1
A86G,T96C	1
T60G,A68T	1
A61T,A72G,A76G,A86G,A91T,A105G	1
C42A	1
A61T,T64G,A68G	1
A76G,A79T,T95G	1
A86G,A91G,A111G	1
T59G,A86G	1
A61C,T95G	1
A61C,A72T,A76G	1
A72G,A86G,T90G	1
A68C,A76G,A91T	1
A72G,A86C,A91G	1
T64G,A72G,T90G	1
T67G,A68C,T90G	1
A79G,A86G,A91G,A105G	1
A68C,A72G,A76T,T95G	1
-60G,A61-,A79T,A91T	1
A61C,A68G,T71G,A76G,A79T	1
A61G,A79C,A86G,A91C	1
T21A,A61T,A68G,A72G,A76G,A79G	1
A61G,T74C,A76T	1
A128C	1
T62G,T64G,T67G,A68G,A76G,T82G	1
A68T,A79G	1
T67G,A79T,A86G	1
A72T,A76G,A79G,G89-,A91G,-92C	1
A72G,A79T,A86T	1
A61C,A76G,A79G,A86G,A91T	1
C11-,A61T	1
A76G,A79T,A86G,A91G,A105G,A111G	1
A61T,-62C,A72G,A79C	1
A61T,A72G,A76G,A79T,A105T	1
A61T,A72G,A91G	1
T60G,T71G	1
A76T,A86G,A91T	1
T67G,A76G,A79T,T82G	1
A61C,A72G,A79T,A86G,A91G	1
A76T,A86G,A105T	1
T58G,A72G,A76G	1
A61G,A68T,A72G,A76G,A79T	1
A61G,A76G,A79G,C116A	1
A61G,T62G,T84G,A91T	1
A61T,T64G,A79T	1
T60G,A68G,A91G	1
T82G,A86G	1
A76G,A79C,A86G,A91G	1
A61G,A79G,A91G,C99A	1
C11T	1
A76G,A86G,A91T	1
T60G,A61C,A68T,A76G,A79T	1
A61T,A68T,A72G,A91T,A105G	1
T4-,A72G,A91G	1
A72G,A76T,A111G	1
T67G,A79G,T90G,A105G	1
A61T,A68G,A76G,A79T,A111G	1
A72G,A79C,T118G,A121C	1
T60G,A76G,A91T	1
T60G,A61G,A72G,A91T	1
A61G,A72G,A76T,A79T,A86G,A91T	1
A68C,A76G,A86G	1
G89C,A91C	1
A68G,A72G,A79T,A86T,A91C	1
A61T,A68C,A72-,-74C,A91G	1
A61G,A79T,A86G,A91T	1
A72G,A76G,A86G,G97T	1
A76G,A79T,A86G,A91G	1
C116G	1
A68G,T103A	1
A68C,A76T	1
T64G,T67G	1
A72G,A76G,A79G,A86G,-90G,A91-	1
T90G,A105G	1
A72G,A76G,A79T,A91C	1
A68G,A76-,A79G,-81G	1
A72G,A76G,T80C	1
T60G,A72G,A91G,A105G	1
A61G,T64G,A79G,A86G,A91C	1
A72C,A76G,T80C,A111G	1
C63G,A72G,A76G,A91T	1
A61T,A68T,A76T,A86G,A91T	1
A61G,A79T,A86G,-90G,A91-	1
A61T,A76T,A91C	1
A91-	1
A61T,A76G,A86T	1
G55T,A61T,A68G,A72G,A79T,A86G	1
A61C,A68G,A76G,A79T	1
A61T,A72G,A76T,A79T,A91T	1
-67G,A68-,A79C	1
A61G,A76G,A111G	1
A61T,A79G,A91T,A105T	1
A61C,A72G,A86G	1
T43A,T60A,T64A,T92A	1
A68G,T92G	1
T5A	1
C56G,A72G,A79G,A86G,A91G	1
A91G,T95G	1
T60G,A68C	1
C57G	1
A76G,A79G,T80G,A91G	1
T67G,A72G,T80G,A91G	1
A68G,A72G,A76T	1
A72G,A76T,A86G,A91T	1
A61T,A68C,A72G,A76G	1
G10A,A61G,A91G	1
T64C,A79G	1
A61G,T64G,A72G,A91G	1
A72-,-75T	1
A61G,A68G,A72G,A76G,A91T	1
T60G,A68C,A91C	1
C99T	1
T35A,A72G,A79G,A91G,C116A	1
A79T,C83G,A91T	1
T119A,T134A	1
A61C,A76G,A91G	1
A68C,A72G,A76G,A79G,A91C	1
T58C,T59G,T60G	1
C123T	1
A72C,A105G	1
A61T,T67G,A68C,A79C,A91T	1
A61C,A86G,A91T	1
T67G,A72G,A79T,A91C	1
T64G,T67G,G87A,A105G,A111G	1
G104A	1
A61T,A68C,A79G,A86T,A91T	1
A68T,A72G,A86G,A91G,A111G	1
T64C,A68G,A72G,A86G	1
T60G,A72G,A76G,A91G	1
T62G,T90G,A91C	1
T64G,T67G,A76G	1
A72G,A76T,A79C,T134A	1
T67G,A72G,A91G	1
A129G	1
T110A	1
T84G	1
G46-,-49A,A61G,A91G	1
A72G,A76G,A79C,A86G,A91G,A111T	1
A61C,A76T,A79T	1
A79T,A105G,A111G	1
A72G,T80G,A91T	1
T108A	1
T90C,A91G,A105T	1
A72G,T82C,A86G	1
T58G,T65C,A79G,A86G,A91G	1
A61G,A72G,A76T,A86T,A91T	1
A79T,T82G,A91G	1
T131A	1
T103A	1
A61C,A68C,A79T,A91G	1
A91T,T114A	1
T67G,A76T,A79G,A86G	1
T108G,T113G	1
G70T,C130A	1
A61T,A68T,A76-,-78T,A79T	1
T119A	1
T84A	1
A61T,A68C,A72T,A79T,A86G,A91T	1
A61T,A86G,A105T	1
G135A	1
A68C,A72C,A79T,A111G	1
A61T,A68G,T71G,A91G	1
A72G,A79T,A86G,C107A	1
C66A	1
A125C	1
T113G,A137T	1
A72G,A79C,A86G	1
T64G,A68C,A86T,A105G	1
A68G,A76G,A91T	1
T35C,C57G,T110G,A137T	1
-60C,A61-,A68G,A72G,A76G,A91G	1
A79C,A86G,T96A	1
A72G,A79C,A86T	1
A79T,A91G,A137-	1
A68G,A91T,A129T	1
A68G,A79C,A91G	1
G127C	1
T21A,C130G	1
A61T,A79T,A86G,A91C	1
T34A,T58A	1
T114A	1
T22A,A61T,A72G,A76G,A86G	1
A72G,A79G,A86C,-89C,A91-	1
T29A	1
T60A	1
T43A,G46T,C56A	1
T31C	1
A72G,T90G,A91G	1
T90A	1
T27A,A111T	1
C120T	1
A79T,T110C	1
T21A	1
A79T,G106C	1
-10A,C116G	1
C85A	1
A121G	1
G28T,C57A	1
T80A	1
C57G,T113A,C120A	1
